,Topic,Count,Name,Representation,Representative_Docs
0,0,6129,0_lane_car_driving_speed,"['lane', 'car', 'driving', 'speed', 'cars', 'road', 'drive', 'left', 'driver', 'drivers']","['Are you driving in the ""fast"" lane?', ""That happens the most on the third lane and on top of that you get cars lane changing in and out. I always think the second lane is the safest, just drive right on the limit and you're fine. But really, the first lane really is the safest as long as you drive fast. If some crazy guy comes up behind you just give way."", ""What's the right lane for your speed?""]"
1,1,5833,1_thank_thanks_good_hope,"['thank', 'thanks', 'good', 'hope', 'know', 'man', 'dm', 'sorry', 'happy', 'help']","['Thank you, will try it out sometime.', 'Thank you so much !!!! So happy!', 'Thank you I hope they do too.']"
2,2,5475,2_post_news_comment_sub,"['post', 'news', 'comment', 'sub', 'reddit', 'just', 'don', 'gn', 'like', 'read']","[""well it's definitely more of a news source then Khaleej or Gulf News."", 'Sorry i dont know fox news. How bad is it to Gulf News?', '>Reddit has a upvote/downvote system. Maybe we should let the rest of the redditors decide whats bullshit? Doesn\'t change much. Those idiotic posts with people asking the same dumb question for the 10,000th time or nonsese posts like ""I just thought by myself, the weather is really nice today"" will still flood the sub, just with a negative number next to it. &#x200B; >How do you then explain the posts with 100+ comments and hundreds of upvotes that get removed? Reading comprehension much? This would clearly fall under the part above where I said ""*some of the mods here a definitely on a power trip*"", no?']"
3,3,5444,3_food_chicken_shawarma_burger,"['food', 'chicken', 'shawarma', 'burger', 'restaurant', 'milk', 'taste', 'eat', 'karak', 'like']","[""For me that's the look I get when I empty my tray out after eating at a food court or fast food restaurant."", "">Tried it for lunch, pretty average as far as fried chicken goes, wouldn't really rate it higher than KFC or Popeyes. Prices seem a bit cheaper though so unless your a big fan of the competition if you are just craving a cheap fried chicken meal this would be decent if you are in the mall or live nearby and can order it, definitely not something I would go out of my way for. Never tried it before so no idea how it compares to locations in KSA. They don't serve fried chicken, yet. Were you even at the real Al Baik? I guess you thought you'd get away with it."", ""Why? One restaurant on careem is selling a whole grilled chicken for 97 aed .. that doesn't include fries and its not even a branded food like nando's so no special marination or anything.. what exactly is happening in the food market in dubai???!""]"
4,4,5227,4_people_don_just_women,"['people', 'don', 'just', 'women', 'like', 'kids', 'know', 'think', 'parents', 'life']","['Just donâ€™t be creepy and take a hint. If a girl makes excuses to avoid you then just leave her alone. If you think she is missing your obvious hints and you need to do more DONâ€™T. To approach a girl just smile, be nice and try to get to know her first. Donâ€™t look at her as someone you want to be with but as trying to meet an interesting person. If there are sparks then you can try hit on her. If there arenâ€™t then hey u made a new friend.', '4 years of age is far too late in letting them vent and throw tantrums to process emotions. That happens 1.5 to max 3 years of age when they are developing no only their emotionally Awareness. Their manipulation tactics and their words and sentences to communicate. My son is now 2 years and picked up On how Throwing random fake cries and tantrums. Over little things to get attention or what he wants as an easier way out or Quicker. He started around 20 Months of age. When he does that and I just say firmly No. I donâ€™t understand as you are crying. If he still cries. I say okay, I Will wait till you cry and then you can use your words to tell me what you need. If he still cries, I tell him I can wait longer or he needs to wait for his demand to be heard ( because itâ€™s sometimes as silly as I want to do Something totally random In middle of lunch time or I want to Climb and jump On a sofa). You calm Then Down by letting them know this behaviour wonâ€™t work Itâ€™s better if they communicate. And if itâ€™s something they need thatâ€™s not dangerous for them, they will have to wait Till the parents can give it to them. If their disagree they can go to their quiet corner or a time Out and process their emotions and then come back when they are calm. The first time he got louder. The second time even louder. The third time he cried for 2 seconds and then went quiet and started talking about something else. Distraction helps. Communication helps. And letting them Know their drama is just not an okay way to communicate not only Tells them how To Communicate but also who is the adult. Children who just learn to throw tantrums, or learn that parents will Give in or will Just let them cry forever, then loose the trust of an adult when they are actually hurt and needing attention. This is my Second child, the first one was even more difficult, her training started a little later because I was waiting for let her cry it out. Doesnâ€™t help. They cry about everything and anything and louder every time. Did I let it wait till She was 4? No way. Saying this as a mother, yes parents with kids Do cut slack, parents with kids are also very well aware when a kid is crying or throwing tantrums versus just someone who is misbehaved throwing long tantrums because they wonâ€™t be stopped and are allowed to Do this. Please note that the other parents who might be around you or disapproving or unhappy, might have had a horrible Day at work, home or with own family and came Out to catch a break. Doesnâ€™t mean they need to be subjected to Another ongoing torture session. Itâ€™s a trigger for this exact reason.', ""It is gonna work one day, just don't go for the girls who look like they are searching for someone to rely on. Go for a girl who already working taking care of herself and she might be taking care of her family She doesn't want money from you or use you financially. She is already covered and she wants a man for a human being. Greedy women are everywhere, hopefully, you will get the one that you deserve one day. Women Don't understand that real men want to spend money and invest in the women they love because it is gonna be a wife one day and it will be their responsibility and their family.""]"
5,5,5219,5_card_bank_aed_credit,"['card', 'bank', 'aed', 'credit', 'money', 'pay', 'rent', 'cards', 'property', 'account']","['If there was an OTP and you said you never received it, you have to make a case against the bank. The bank has to prove that they sent an SMS and you approved it. You can try with the central bank first. In the future, pay with Apple pay, at least with Apple your credit card number is never shared with anyone.', ""Good job man. Now remember to stay out of debt! Don't be enticed by all the BS the bank folk peddle to sell you loans! Also get rid of credit cards you don't need. 1 credit card is all one person needs"", 'If the credit card company allow you to restructure the debt to a loan, this will be the best solution. No need to take extra loan and keep the credit card limit to an absolute minimum like 10k. The interest on the credit card is over 30% per year. Get rid of it asap.']"
6,6,4821,6_job_salary_company_work,"['job', 'salary', 'company', 'work', 'people', 'pay', 'money', 'jobs', 'like', 'don']","[""Dont understand the downvotes. People don't want to know what their self worth is, and are complaining of not getting jobs here? WTF! This meme is retarded. Learn to evaluate your worth and then apply for jobs. If you're worthless and cant answer a simple question about salary expectations, there's no room for you in any company to be honest. If the company has posted a job offer without salary, then ask that question before even going for the interview, but you don't throw balls around during an interview!"", 'I have a suggestion to make. This is going to be a new company, one that will generate itâ€™s own revenue and profits. He knows you can do the job, heâ€™s hoping you will not be able/confident/ready to walk awayâ€¦so he can lowball you and get you to make him money. If youâ€™re up for it, why not suggest a partnership with him, where you own a share in the company, have a salary for running it, and get a profit share at the end of the financial period? That way, you can peg your salary to the market rate of such a role (rather than by nationality), he knows you need to be happy to deliver and whatever profits are made, you get a share of that too. Best case, you stay and build your name with your own company. Worst case, you leave and sell him the shares (whatever the company valuation is, itâ€™s basically your effort anyways). Thatâ€™s assuming you want to stay with this guy. He doesnâ€™t seem like the kind of person that will make your life better, and he will probably try and screw you over in some way. Make sure your contracts are strong. Just my 2 cents. Happy to continue in DMs if you like.', ""Am I being paid way too less? I'm 27 M, Engineering grad from India and have a total experience of 5 years in Dubai. My previous salary was 10k but unfortunately the company had to shut down and I was desperate for a job. So, I accepted this job from an MNC for the same salary of 10k. I feel like I'm being paid less because when I told my expected salary was 10k there was no negotiations. I have commenced working from last week. Can I ask renegotiate now for a higher salary?""]"
7,7,4660,7_dubai_uae_people_country,"['dubai', 'uae', 'people', 'country', 'like', 'just', 'don', 'countries', 'police', 'emirati']","[""If people dont respect the local culture they should leave. UAE welcomes all those who come and respect that. The UAE is more than tolerant and welcoming of all cultures and does a great job at providing excellent conditions for them. It is the responsibility of the expats and residents to respect and understand there is a local culture here that will be preserved and respected. The expats are taking how accomodating Dubai and UAE are for granted by having the audacity to come online and complain about muslim and arabic culturally sensitive places. The UAE is so tolerant and accommodating that the expats now think that their home nation and cultures should be the norm, in someone else's country. Pompus and arrogant. Also don't worry, Dubai and UAE will just be fine with these type leaving."", 'Itâ€™s a UAE law, nothing to do with Dubai.', 'So this is only in the UAE?']"
8,8,4318,8_racism_people_racist_indian,"['racism', 'people', 'racist', 'indian', 'country', 'india', 'white', 'nationality', 'like', 'indians']","['So you are saying if she was indian, had place of birth india but nationality was something like british they would offer her a better positin?', '1) I\'ll quote myself from another recent post. Thread was someone on this sub who couldn\'t find a job here - aaaaand surprise - blamed that on passports/ white people. This was my reply, which also appies here: ""*This is the same BS like the ""gender pay gap"" fallacy.* *Businesses are profit driven, and not a single sane business in the world would pay more, only because someone\'s skin pigmentation is higher, when they could get EXACTLY the same thing for less. There\'s always plenty of other factors that will be differenct (culture, communciations, etc.), people just tend to ignore that so they can play the victim.* *I know it\'s an unpopular opinion on this sub and feel free to downvote it.* *But I\'m just tired of people here constantly ignoring reality and playing the ""hurr durr racism"" card.* *Tons of CEOs here from East and South Asia. Maybe ask yourself first why THEY are not hiring you...""* 2) >Also if you want some more evidence of the racism prevalent go look at any post about Indians on lovindubai insta I\'m not on Instagram, so can you please provide alt least some evidence here? If it\'s - as you say - really in ***any*** post there, it should really be easy for you to find some examples.', 'Brother how is that racism Dude clearly is clueless (concept of Indians with English names) and he even apologised People need to chill with the racism accusations This is like the third post today about racism and this is not even close to being one']"
9,9,4246,9_dubai_abu_dhabi_abu dhabi,"['dubai', 'abu', 'dhabi', 'abu dhabi', 'sharjah', 'emirates', 'uae', 'city', 'car', 'like']","['Do you have those in Dubai too?', 'Which part of Dubai are you in?', 'Where is that in Dubai ?']"
10,10,3891,10_video_like_italian_guy,"['video', 'like', 'italian', 'guy', 'picture', 'music', 'looks', 'suit', 'did', 'font']","['The guy doesnâ€™t own it, he just found the picture on an old thread ', 'Oh be carefull, one time, Italian guy tried to sell me Italian suits on SZR , he started the conversation with how to reach Abu Dhabi ðŸ¤”', 'Did ya all purchase suit from the Italian guy?']"
11,11,3889,11_dubai_uae_job_people,"['dubai', 'uae', 'job', 'people', 'country', 'work', 'visa', 'life', 'years', 'like']","['You bring up some good points, but I would counter some of the points you are making. Agree that Schools maybe understaffed but the education system in Canada is significantly better than the ones found in the UAE. And this is comparing Canada\'s PUBLIC system to UAE\'s PRIVATE schools, let alone UAE\'s poor public system. And needless to say there is essentially no school fees in Canada. Now if we are talking about universities, Canada has some of the best in the world, and get this, for CHEAPER tuition than the UAE (specifically if you are a resident or citizen of Canada). Cold weather may not be appealing since we gave grown accustomed to the desert life, but we can\'t pretend that the summers here are pleasant. It\'s OK if you have a car for the most part but you can say the same in Canada. The major annoying part of Canada\'s weather is the snow and shoveling it. But besides that you can keep warm by dressing up. Regarding salaries, we all know that the UAE typically has such a big range of salaries for the same job. You maybe have someone getting paid 4k to another person\'s 25k. You mention it\'s higher here suggests that you might be on the higher end. However if you would compare the medians to each country, I believe Canada\'s would be higher. Not to mention things like minimum wage, better benefits etc. Yes there are high income tax but that provides some (not the best) things in return such as free Healthcare, cheap schools, unemployment insurance, cheap electricity and water, heating, etc. So it\'s not like your money is just gone after you get taxed. Keep in mind a lot of things in the UAE are subsidized or the government is paying for it but that\'s because it\'s a rich country blessed with natural resources. But I\'m sure everyone is noticing the taxes and fees that are being introduced recently (I predict an income tax coming in the next 3 years). And all the ""innovation and knowledge"" fees ðŸ˜‚.', 'FULL TEXT Give us your doctors, your inventors, your huddled scientists Dec 9th 2021 ONE DAY soon Kamal will have to leave. The Indian expat has done office jobs in Bahrain since the 1990s. They paid well enough to put his kids through school and provide a modest nest-egg. Retirement beckons. Yet he finds the prospect unsettling. It means a one-way ticket back to a place where he has not lived in decades. â€œIâ€™ll leave a place with all my memories for a country I donâ€™t recognise,â€ he says. Such stories are common in the Gulf. Of the 59m people who live in the six-member Gulf Co-operation Council (GCC), about half are foreigners. Some stay for a few years; others spend entire careers. Almost all, however, arrive with the understanding that they must eventually depart. Gulf states have long bristled at the idea of offering citizenship to expats. Locals fear it would change their national identity. Governments are not keen to extend costly benefits to foreigners. For most foreigners, life in the Gulf involves a string of short-term work visas: cease to be productive, and you cease to be a resident. This is slowly changing. In January the United Arab Emirates (UAE) announced that certain foreigners, such as doctors, inventors and scientists, could be nominated for citizenship. Saudi Arabia said in November that it had naturalised an undisclosed number of expats. Most Gulf states now offer long-term residence visas that do not require work. A new scheme in the UAE allows expats to retire in the country instead of returning home. None of this is a â€œpath to citizenshipâ€ as many liberal democracies would define it. Only an elite group is eligible: a talented scientist could become an Emirati citizen, but not the janitor who cleans his lab. The numbers are tiny. The UAE will naturalise only around 1,000 people a year, or 0.01% of its population. Long-term visas are tied to wealth, with requirements for income or investment that exclude most workers. Still, even these small steps break a long-held taboo. In 2013 Sultan al-Qassemi, a member of the ruling family in Sharjah, part of the UAE, published an op-ed urging the state to naturalise talented foreigners. It caused an uproar. On social media many Emiratis replied with a hashtag that translates as â€œthis writer does not represent meâ€. The steps raise complicated questions about citizenship and identity in the GCC. Even for native-born khaleejis (Gulf Arabs), citizenship is not a right enjoyed equally. If a Bahraini man marries a foreign woman, his wife may apply for his nationality and his kids automatically receive it. Reverse the sexes, though, and no such rights exist. When a Gulf woman marries a foreigner, their children are typically treated as foreigners. Mothers in Bahrain may sponsor them as dependants until they are 18, renewing their papers every two years; after that, children must secure their own residency or leave. â€œYou can imagine, this issue leads to a lot of complaints,â€ says Ali al-Dirazi, the head of Bahrainâ€™s state-run human-rights agency. The UAEâ€™s new citizenship scheme has prompted a rare debate about such things. Jawaher al-Qassemi, the wife of Sharjahâ€™s ruler, posted a short comment on Twitter: â€œNaturalisation for the children of female citizens. Thatâ€™s a demand,â€ she wrote. Other Emiratis voiced similar feelings. Several Gulf states also have populations of so-called bidoon (people â€œwithoutâ€ papers), who did not register as citizens at independence. Kuwait has at least 100,000 of them. They are broadly excluded from good jobs and social services. Newly minted citizens will receive rights denied to natives for half a century. Foreigners naturalised in the UAE will be free to live and work in a rich country, and to travel on a passport that ranks as one of the worldâ€™s most useful. The government is vague as to whether they will enjoy other privileges. Native-born Emiratis receive everything from cheaper mobile-phone plans to interest-free housing loans. Some receive grants of up to 70,000 dirhams ($19,000) when they get married. If rights are unclear, so are responsibilities. Since 2014 Emirati men have been required to perform military service. The law does not say if naturalised citizens (or their descendants) face the same burdenâ€”though perhaps not, since there seems to be no requirement that they know Arabic. They will be allowed to keep their original nationality, whereas native-born Emiratis cannot hold a second passport. Some fret the government has created a two-tier model of citizenship. The citizenship law is part of a head-spinning package of reforms implemented by the UAE over the past year. Unmarried couples may now legally live together. Muslims may drink. In November Abu Dhabi, the capital, decided to allow civil marriages for non-Muslims. On December 7th the UAE announced that it would shift the public sector to a Monday-to-Friday work week, from Sunday-to-Thursday, bringing it in sync with most of the world (but out of step with many Arab countries). Much of this simply legalises reality: there are lots of cohabiting singletons and carousing Muslims in Dubai. Yet the changes have come with little public debate in a country where space for criticism is almost non-existent. The same goes for naturalisation schemes. Even before the oil boom, the Gulfâ€™s coastal towns and pilgrimage routes were melting pots. Today their citizenry includes sizeable populations of ajam, whose ancestors hail from Persia, and Afro-Arabs, descendants of East Africans brought to the region as slaves. Diversity was, and is, one of the regionâ€™s strengths. To varying degrees, though, locals live apart from foreigners in their midst. Their dress is distinct and they work mostly in the public sector. No one is sure how new citizens will fit into this milieu. Though they have broken a taboo, Gulf rulers have not changed a social compact that treats citizenship as a gift bestowed on worthy subjects. They have just expanded the pool of worthy subjects in order to attract and retain talented foreignersâ€”part of a broader scramble to diversify oily economies. For most foreigners, and for many locals, the path to citizenship will remain blocked.#', ""Habibi come to Dubai I'm sick of my life here. I can't spend time with my family because of my job and it's taking a toll on my mental health. My job doesn't pay me enough but overloads me with work. I'm not reaping any benefits of my time and energy spent in this country. I'm just losing my health and sanity. Please don't think life is easy here in Dubai. It's hell! Especially for expats. The bling is only for the rich, the rest have to slog and suffer till they have nothing else to lose or migrate to a another country and have a better life. It's 6am in the morning and I'm not with my wife who misses cuddling me to sleep tonight. Yes my situation is better than people who don't live with their families but to each their own. I don't know what is the point of this post. I don't know why I'm writing this either. I hope you all have a better work life than me. I hope you get to spend good quality time with your families. Family is everything. Edit - For those asking me to leave and why I came here if I don't like it. I've been living here since I was 6. I came here with my parents in 2002 and have been here since. I didn't technically choose to come here. Everyone's got different priorities in life and if work life balance is your priority, this place might not be for you. Most companies don't have fixed working hours and don't think twice before calling you outside working hours. Even if you insist on it, there are more chances of you being antagonized than understood. This isn't just the case with my field of work, I've seen it for others I know as well. This is the case in most Asian countries. Western Culture is different in that aspect. Yes there are a few tradeoffs but as I said before if your priority is work life balance then you'd understand my venting. If you don't understand then you could at least try rather than being rude. A little humanity goes a long way which is exactly what I was crying for in this post. Sorry to bother tho. You can carry on with your lifestyle hating on others. You do you. I was just venting. For those sending me positive and hopeful messages. Thank you so much. For those who are in the same ship, you're not alone. Cheers""]"
12,12,3501,12_delivery_noon_food_order,"['delivery', 'noon', 'food', 'order', 'price', 'talabat', 'amazon', 'deliveroo', 'zomato', 'restaurants']","['u/asiaafrica, **ChatFood is here to help!** Thank you for taking the time out to write this post, and in doing so, for helping your community. Yes, I am a part of ChatFood. I\'m not hiding that. I\'m here to explain to the community-conscious readers what our mission is, what we earnestly believe, and how we\'re trying to help out the local restaurant industry that we all enjoy so much. u/asiaafrica said that with other platforms, restaurants *""were succumbing to giving up their most treasured possession. Their customer.""* **We bring you closer to your favorite restaurants.** &#x200B; **Reiterating the issues restaurants+customers are facing:** * On aggregator platforms (deliveroo/talabat/careem), **restaurants pay up to 35% commission on every single order** that comes through these channels. * If you are a loyal customer that orders frequently from a restaurant, they lose a huge chunk of the money you\'re paying, **every single time.** * Aggregators push restaurants to give out big discounts all the time, which hurts them even more, and isn\'t sustainable for anyone. And the worst part? **The restaurant foots the bill.** Meaning, the commission the restaurant is charged is calculated on the original item amount, **NOT** the discounted amount. * When the restaurant can no longer afford giving out huge commissions, restaurants are forced to increase their prices so they make some money after paying commissions. **This translates to higher prices for you**, the customer. &#x200B; ***What can you do? SOS.*** ***S*****upport local,** ***O*****rder direct,** ***S*****ave more.** Yes, ordering directly means that restaurants don\'t pay that huge commission. It means that they can *continue to offer us all great food at great prices*. At ChatFood, we charge restaurants a flat, affordable subscription of 300-800dhs/mo, depending on their size and order volume. *Nothing more.* &#x200B; ***How do you order directly?*** For restaurants that are part of the ChatFood community, you can visit their online profiles, and place your order through a menu that is easy to use, offers live tracking, remembers your user information like locations and card details **-- without downloading another app!** Simply visit the restaurant\'s Instagram/Facebook/Website, or reach out to them via WhatsApp/FB messenger, and place your order through their ChatFood link. [Here\'s how it looks.]( &#x200B; The best part is that since ChatFood restaurants aren\'t paying commission, **they can pass on the savings to you, the customer**. And not only that, many of the ChatFood restaurants have enabled their own loyalty programs, which means that **you can earn cashback** every single time you order - *this is a huge benefit for you,* as you know that you\'re saving money+supporting the restaurant, *and it\'s great for the restaurants as it\'s affordable*, and much easier for them to track. And again: it\'s on the restaurant\'s terms, *we don\'t expect or force them to do anything.* &#x200B; So, **dear hungry reader!** Please, support restaurants directly! If you call in and order, that\'s great, but if you\'d like the user-friendly experience you\'re used to, visit their Instagram profile, and tap [the \\[Order Food\\] button]( or the link in their bio to order direct! &#x200B; We set-up a website to encourage everyone to do just this. Visit [ to see a list of local restaurants that are accepting direct orders, and search for your favorite brands! &#x200B; Happy to answer any questions!- Raz from ChatFood (if you made it to the end, [here\'s me explaining the loyalty program and eating a stack of PINZA!](', 'Call it a favor when delivery companies do it for free. Even restaurants giving free delivery have the delivery price baked into the product price. Nothing is free.', 'Order with noon free delivery also 50% discount']"
13,13,3481,13_water_hot_heat_summer,"['water', 'hot', 'heat', 'summer', 'hair', 'cold', 'ac', 'just', 'wash', 'shower']","['> it causes dryness because itâ€™s a harder type of water, which can cause your hair to lose strength and fall easily. This is nonsense. > If youâ€™re not convinced, ask yourself why is there a whole business around filtering the water, when there isnâ€™t in other countries? There is a whole business around filtering water in other countries. > Itâ€™s the same in the UK with the water, but still water isnâ€™t as hard as here. It is not the same in UK.', 'take a lot of water whenever u can', 'Yeah, thatâ€™s definitely not true. If you want check out some studies, water is different in different areas places. If youâ€™re from a country where the natural tap water comes from the mountains and compare to the water in Dubai, one is obviously different than the other. The water here does not cause hair loss - it causes dryness because itâ€™s a harder type of water, which can cause your hair to lose strength and fall easily. You put a filter showerhead which cleanses the water and makes it softer, therefore not drying out your hair, not regrowing itâ€¦ If youâ€™re not convinced, ask yourself why is there a whole business around filtering the water, when there isnâ€™t in other countries? Cause itâ€™s pointless to sell it in countries with good water. To people who are born here or have lived here for a long period, the hair has adjusted, but to people who have lived elsewhere and come here itâ€™s not the case. Itâ€™s the same in the UK with the water, but still water isnâ€™t as hard as here.']"
14,14,3478,14_phone_scam_app_ads,"['phone', 'scam', 'app', 'ads', 'number', 'apple', 'ad', 'just', 'iphone', 'like']","['Selling slightly outdated computer equipment - any place recommended? Have quite some computer and network equipment coming up for sale in the next 12 months, some nowish, some next year. Some of it has been used, some is just older but in original packing and has never been put to use. Some is a year old, some a couple of years. I work in the field and complete my move to the UAE. As this was a process, I bought some stuff here temporarily (like a couple of monitors) and gets/will get replaced with stuff chosen by quality. Same way some stuff got moved here that is just a little old (like a nice good monitor for photo work, fully calibrated, never used as it was my spare) that will just get replaced with a current model. And next years I need to get rid of a number of decent servers for my home lab as I will upgrade them. They were higher end back then and to a large degree still are in the upper bracket of what you can buy, possibly not in the target for a normal home user. Back in Europe I would either use a company buying them for reselling or put them up on Ebay to get rid of them. Point is they are very capable still for many uses, I am just upgrading. Ebay seems not to have a UAE website. Any advice?', 'try to call him from a different number? ~~pretend you are interested to buy iPhone and later confront him?~~ but why would you wait till you reach home to see if the phone is working or not... esp when it is refurbished, you paid ALOT of money and you got it on dubizzle.', '[SELF-PROMOTION] Letâ€™s Build a PC together!! Hey guys, I often hear people needing help in building their computers or simply wanting to learn the experience and maybe be able to build their next system alone. I can help! Head on over to my Instagram and message me there Iâ€™ll get in touch and we can make an appointment. * We can do it together * I can do it for you while explaining what Iâ€™m doing * I can tell you what you need to do in order to set it all up and you DIY it. While Iâ€™m there to answer questions. At Computer Plaza, they will put your system together, but thatâ€™s boring, so why not learn how to do it yourself? Advice I can also give, just let me know what your variables are, are you looking for a hardcore gaming monster? A mid range system that wonâ€™t break the bank but will still give you decent performance? Or are you looking to simply answer emails and watch YouTube? I will then tell you how much on average this will cost and we can then see where we can cut costs. At the moment I charge AED250 for the service of putting your hardware together with you. Bring your stuff on over to my place and we get started, optionally we can set it up over at yours, but thatâ€™ll cost extra. *Alternatively you can send me an email: BuildYourSystem.dxb@gmail.com* **Things I wonâ€™t do:** Custom Water cooling builds. They are hugely complex and it makes very little sense for a new comer to have a system theyâ€™d need to maintain. Give you advice on laptops or ready build systems. Thatâ€™s what Sharaf or Virgin are for. Buy your hardware for you. I will not go and spend my own money, build your system in hopes you pay me back later. I donâ€™t give Software support. We will install windows 10 on your system and drivers, once your baby is running, itâ€™s all yours, you are responsible, I can give you some advice but Iâ€™m not a System administrator. **Disclaimer:** Iâ€™m not responsible for your hardware, if something breaks in the process (unlikely, but I want to cover my bee-hind) I will waive the support fee, but will not replace your broken hardware. I am not affiliated with anyone over at Computer Plaza, I know people and have my normal sources but will not get a cut from them I use Newegg or Amazon to determine how much something should cost. If they donâ€™t offer lower prices, I can try to bargain with them but thatâ€™s all the help I can give you when it comes to cost cutting specific parts.']"
15,15,3429,15_police_report_case_security,"['police', 'report', 'case', 'security', 'don', 'just', 'karen', 'guard', 'people', 'drop']","['Thanks! At least for now, I canâ€™t let it go because I imagine what would have happened if I hadnâ€™t been there to corroborate the security guardâ€™s story or know enough about the law to call the police with confidence.', '>police happen to walk by first thing is ask for an ID. if the ""police"" became aggressive, most likely he is not a police', 'As there is no death resulted from this accident, police will treat this case just like any other Traffic Accident. The SUV driver will be issued a fine for his mistake, whereas the person who got hit will be transferred to a hospital **where his/her insurance company will take care of all the bills**. The last part is very important here, because if the person involved does not have a valid health insurance, well then (s)he must have deep pockets. Once the person in hospital recovers, you can proceed to file a separate police complaint against the driver of the SUV, which will essentially be a damages claim. After preliminary investigation by the Police (for that particular case), it will be forwarded to Court where you basically have to follow it as a Civil Law Suit. This is where you lawyer up and wait for the final verdict. (The SUV driver may or may not be held in jail during the course of this trial). Once you receive the verdict, the court will announce the penalty amount to be paid by the SUV Driver, whereby the latter can also proceed to challenge the decision for a reduced penalty. I can understand your emotions, and do not want to comment on the actual causes which may have led to the incident. But you must understand that legal and emotional do not mix together. If the hit and run results in the death of one of more persons, well ... then the sh\\*t just gets real for the offender, where he will have to bear a jail term as well as pay the blood money as ordered by courts. P.S. A note to all pedestrians. You must always make sure the way is clear before you move forward EVEN IF you have a right of way. Something which very few pedestrians actually do, and then say stupid sh\\*t like ""the other party should stop because my way is green"". Not knowing that IF something goes wrong, they will be the ones losing the most.']"
16,16,3220,16_arabic_muslim_muslims_religion,"['arabic', 'muslim', 'muslims', 'religion', 'people', 'arab', 'don', 'wear', 'mosque', 'english']","['>Arabic and muslim women wear bikinis. I am wondering if they mean GCC families?lol I didn\'t mention it is a GCC thing, I was posting a question making fun of the idea of allowing Arab families only in the pool. Again it is not a ""Muslim thing""... Arabs are not only Muslims. the sign says Arab not a specific religion.. Clear?', ""I speak English but don't know much arabic what words that are usefull for arabic?"", ""What can be done to encourage Arabic amongst Expats? *TL DR at end* UAE is the most expat friendly country I've ever come across. But now as I learn an European language having left the UAE, I am trying to figure out what went wrong. Two decades in UAE and barely any language fluency for me. People say the arabic education system for expats suck but I've seen first hand how it's the society which treats it as a burden. They treat it as if it cannot go together with their STEM subjects (especially Indians due to horrid rote system). Arabic is first to be neglected. My school teachers would actually bargain with my Arabic teacher for extra slots. The kids wouldn't listen to the teacher. The teacher I had was amazing but not only deprived of any ability to properly teach but severely undercut, you see the example I provided above. This is never the case with other countries. I see plenty of same kind of people go to Germany after studying German for 1 year. I am more or less in the same category. Ofcourse, Will Power is #1 and I have failed when it comes to Arabic. However, there needs to be something done more. English alternatives are overwhelming. It is extremely hard to get by in many European countries as a resident without knowing the language. I really loved the move in Dubai where some English Translations were replaced by Transliterations on road signs not so long ago. This was crazy enough for Jumeirah Janes to start going crazy on social media. This motivates people to learn. In Europe, They offer long term residencies which is a big motivator for the people. In the GCC, People don't get that long term incentive oe anything else. I've seen hundreds of people tell me they are gonna leave UAE in 2 years. 20...30 years later, they are still here. Other's who planned to live long, ended up losing jobs and packing up in 5. Amidst all this, I will always have a deep regret for missing out on Arabic. I hope I can learn it. Infact I think I know less Arabic now than I used to know as a kid when hanging out with arab kids, fighting with them and playing football in the streets ðŸ˜‚ Ironically, I have been using more Arabic in Europe than UAE when I talk in broken Arabic to a Syrian kid (refugee) who doesn't speak English. *TL: DR* Expats live for decades here, don't know arabic. This is a multi faceted complex problem which must be tackled. I believe every language is special. There is never a disadvantage when you learn a language. Arabic is too neglected for expats. Needs reform and incentives.""]"
17,17,3205,17_mall_expo_al_beach,"['mall', 'expo', 'al', 'beach', 'building', 'burj', 'dubai', 'deira', 'alcohol', 'city']","['Al Hudhaiba, Al Badaa, Al Jaffiliya, the areas behind Al Quoz Pond Park and Al Quoz Cemetery, Al Twar, Muhaisnah, Mirdiff, Al Mizhar, Al Warqa, Nad al Hamar, Rashidiya, (maybe Garhoud?), Barsha 2 and 3, Barsha South. I donâ€™t live in any of these areas, but Iâ€™ve regularly visited friends who live there.', 'is delivery near dubai mall or in the mall?', 'JBR (unless you want to use the horrifically slow tram), City Walk, Springs, Lakes, Meadows, Jumeirah Park, Jumeirah in general, JVC, JVT, Sports City, International City, The Palm, Al Barari, The Villa, Falcon City, most of Business Bay, a lot of JLT, Desert Palm, Warsan, Al Khawaneej, Dubai Creek Villas, Emirates Hills, The Greens (to name a few) are not accessible to the metro within a reasonable walking distance (or at all) during the summer months.']"
18,18,2996,18_covid_mask_vaccine_masks,"['covid', 'mask', 'vaccine', 'masks', 'virus', 'test', 'people', 'cases', 'testing', 'covid 19']","[""Congratulations on getting through this. Though I do have a side note as you mentioned your friends, just a general piece of information. A covid pcr test has an almost *100%* chance to return a **false negative if you are not showing any symptoms**, so if you have contacted someone with covid, and you're not showing symptoms, your test will probably come back negative, do not stop self isolating until the entire 14 day period is over, as you could be completely asymptomatic, thus your test came back with a false negative, and spread the virus further due to a sense of false confidence. So please if you have contacted someone with covid, isolate for 14 days from last contact no matter what the test returns."", 'Hard to guess. I think cases will definitely decrease if the vaccine is combined with continued mask wearing etc. also depends if the make vaccination compulsory, like they did Covid testing- one day they just turned up where I work and tested everyone- same for vaccine?', 'COVID-19: Where you can get PCR test for Dh40, Dh50 or up to Dh150 in the UAE ']"
19,19,2897,19_day_work_hours_days,"['day', 'work', 'hours', 'days', 'time', 'week', 'friday', 'home', 'place', 'city']","['Where does that thought come from? I am hired for 8 hours a day. I am working 8 hours a day as well as my colleagues. I work from 6-14:30 + overtime if needed. Some colleagues work from 8-16:30 or 9-17:30 or whatever they like. It doesnâ€™t matter when they come in and when they leave as long as they work 8h and get the job done. Why would you give my money to my colleagues?', 'In many private companies, seniors wont come on Friday (will cite need to pick up kids early from school etc etc), and work wont get done This was what it was like pre 2005 when many companies had Thursday as a half day. Work would not really get done in many companies and it was a day for juniors to work and Seniors to chill', '[""Private sector employers can choose whether to adopt new weekend and shorter working week, labour minister says""]( We should be clear that the private sector does not have an officially designated weekend. Which is why some people work Saturdays, some work Fridays, it depends on the company and industry. Retail/travel and others work all 7 days, but staff have designated days off. There will be no official change for private sector, but most companies will move to the Sat/Sun weekend and will adjust staff hours accordingly. And no private companies will work 4.5 days for sure.']"
20,20,2658,20_parking_metro_car_park,"['parking', 'metro', 'car', 'park', 'drone', 'just', 'door', 'people', 'time', 'seat']","['Yes I excuse this only if thereâ€™s no parking. Personally though, Iâ€™d rather wait for a parking space and go in there myself.', 'And still we canâ€™t find parking.', 'JA Station is quite near Discovery Gardens. I would suggest you drive that extra distance and park your car there. Choose a parking spot in a building quite close to Gardens Metro Station. There, you can leave your car for as long as you want and the parking is free. If you will be away for longer than 10 days, pay the guys washing the cars in the parking area to ensure your car is always clean. There is a risk of your car being towed when it gets too dirty in the same parking spot. Cops roving around would think it is abandoned.']"
21,21,2609,21_rain_desert_sand_fireworks,"['rain', 'desert', 'sand', 'fireworks', 'building', 'pollution', 'like', 'weather', 'water', 'just']","['Weather was a bit moody today rain n sunshine', 'The issue is ""flat panel"" solar in general when used in this region. People often think the desert environment is loose sand that you can simply blow away with air or sweep away with a brush. (The most effective cleaning method is to use water but this is the least economical, environmentally and cost wise.) The dust here literally bakes onto surfaces. Plus on the rare occasion we do get rain, it leaves things coated in dust with heavy water marks. Its no different than trying to keep your car clean, and most importantly without damaging the surface. The best way to protect the panel is to cover panels with glass, which is a whole other subject as you have to use a very hard heat resistant type and do it in a way that causes the least amount of solar panel efficiency and not create a space for humidity to form. Many people have tried other materials but it never ends well. This is all additional cost Only then can you start to discuss what method of cleaning is ""best,"" and the main factor for this is usually cost. Maintenance is one of the main viability factors in any technology, energy related or not. For instance, I\'ve had solar panels on a property in Europe for over 10 years, and never had to clean them once. All that being said, of course solar panels are great and should be used more here, but I still stand by my point of saying none of the original methods are very efficient, given the environmental challenges this region creates.', 'But they do it upwind, and cause the rain to fall outside the city in the desert or mountains.']"
22,22,2512,22_visa_passport_country_tax,"['visa', 'passport', 'country', 'tax', 'canada', 'citizenship', 'pay', 'vat', 'work', 'people']","[""That's for the 5 year visa. For 1 million property, you get the renewable 2 year visas. The visa costs are generally higher than the employment/family 2 year visa."", 'Not everyone can afford to buy property with 1 million just to get a residency here...plus in Canada it will be permanent residency(which changes to citizenship ) for paying taxes which is better off than a temporary residency here. And tax is based off your income there ..they wonâ€™t loot you.. plus the government is very supportive there if you r in need . The prices to pay for freezoone visa is more than the amount some ppl earns .. I m only here because my parents r here and even though I m born here I get no such right. Some companies r reluctant to even provide visas . Only if you r a girl u can live off your parents visa .. boys above 18 usually has visa issues and gets very expensive to pay for these visas ... I donâ€™t see how this is better than a Canadian citizenship', 'How do you have a visa?']"
23,23,1923,23_movie_kids_gay_movies,"['movie', 'kids', 'gay', 'movies', 'watch', 'disney', 'don', 'kiss', 'cinema', 'people']","['Why? Whatâ€™s wrong with it? Are you scared your kids will become gay because they see a movie with two women kissing?', 'which movie were you trying to watch?', 'Is Disney forcing your kids to watch this movie?']"
24,24,1815,24_etisalat_whatsapp_du_data,"['etisalat', 'whatsapp', 'du', 'data', 'internet', 'use', 'calls', 'sim', 'bot', 'using']","['You work for Etisalat donâ€™t you ?', ""Both Volte and 5G don't seem to be working on DU and Etisalat."", 'Etisalat offers to some districts access to internet speeds of 2+ gb/s . Which I doubt du can offer. What youâ€™re saying may be true you see du canâ€™t use a server with Etisalat they rent out servers so if youâ€™re getting a better connection itâ€™s because thereâ€™s low traffic with du. So lower bandwidth but higher throughput Etisalat is serving traffic to the whole country while du is just for dubai and just has to pay Etisalat to use their services.']"
25,25,1510,25_cat_dog_cats_dogs,"['cat', 'dog', 'cats', 'dogs', 'pet', 'pets', 'animals', 'animal', 'birds', 'bird']","['The issue is with the owner and not the dog. There are couple of dogs in my building, of that the pitbull is the most zen like dog. Well behaved.', 'Lol, never had a pet and I barely see any cats or dogs here', 'I canâ€™t adopt because the dogs are really cute but they are not hypoallergenic and we have mild allergies. We went to the shelter but weâ€™ve never found any hypoallergenic dogs. Pets habitat is a shop that sells puppies that are ethically bred in Italy, and imported to here via emirates airlines. I was messaging someone before who got 2 dogs from pets habitat and they were healthy and happy and in better condition than dogs from other pet shops. The website says info about where it was bred, and itâ€™s a traceable ENCI purebred pedigree, as well as more info, that is focused on the particular dog, not the breed. A lot of pet shops write info about the breed but not the temperament of the dog itself. Because they donâ€™t know anything about the dog since they give it random food and keep him in closed spaces. This website says the exact country, region and city where the dog was bred, and the exact day it was born. I donâ€™t know but it seems pretty legitimate to me.']"
26,26,485,26_tip_tips_service_delivery,"['tip', 'tips', 'service', 'delivery', 'don', 'cash', 'culture', 'pay', 'drivers', 'people']","[""That's because they don't get the tip if you tip by card."", 'Any tip is better than no tip :)', ""Why not? It's a tip , it should.""]"
27,27,48,27_32_removal_feedback_request,"['32', 'removal', 'feedback', 'request', 'donate', 'maybe need', 'drink water', 'world better', 'steam', 'info']","['###[View link]( --- [**Info**]( [**Feedback**]( for savevideo)&#32;|&#32;[**Donate**]( &#32;|&#32; [**DMCA**]( removal request for savevideo&message=', '###[View link]( --- [**Info**]( [**Feedback**]( for savevideo)&#32;|&#32;[**Donate**]( &#32;|&#32; [**DMCA**]( removal request for savevideo&message=', '###[View link]( --- [**Info**]( [**Feedback**]( for savevideo)&#32;|&#32;[**Donate**]( &#32;|&#32; [**DMCA**]( removal request for savevideo&message=']"
28,28,22,28_fucking_just fucking_focus_nice just,"['fucking', 'just fucking', 'focus', 'nice just', 'foul', 'emphasis', 'things people', 'psa', 'bad people', 'relax']","["" Fuck Off CoolDownBot Do you not fucking understand that the fucking world is fucking never going to fucking be a perfect fucking happy place? Seriously, some people fucking use fucking foul language, is that really fucking so bad? People fucking use it for emphasis or sometimes fucking to be hateful. It is never fucking going to go away though. This is fucking just how the fucking world, and the fucking internet is. Oh, and your fucking PSA? Don't get me fucking started. Don't you fucking realize that fucking people can fucking multitask and fucking focus on multiple fucking things? People don't fucking want to focus on the fucking important shit 100% of the fucking time. Sometimes it's nice to just fucking sit back and fucking relax. Try it sometimes, you might fucking enjoy it. I am a bot"", "" Fuck Off CoolDownBot Do you not fucking understand that the fucking world is fucking never going to fucking be a perfect fucking happy place? Seriously, some people fucking use fucking foul language, is that really fucking so bad? People fucking use it for emphasis or sometimes fucking to be hateful. It is never fucking going to go away though. This is fucking just how the fucking world, and the fucking internet is. Oh, and your fucking PSA? Don't get me fucking started. Don't you fucking realize that fucking people can fucking multitask and fucking focus on multiple fucking things? People don't fucking want to focus on the fucking important shit 100% of the fucking time. Sometimes it's nice to just fucking sit back and fucking relax. Try it sometimes, you might fucking enjoy it. I am a bot"", "" Fuck Off CoolDownBot Do you not fucking understand that the fucking world is fucking never going to fucking be a perfect fucking happy place? Seriously, some people fucking use fucking foul language, is that really fucking so bad? People fucking use it for emphasis or sometimes fucking to be hateful. It is never fucking going to go away though. This is fucking just how the fucking world, and the fucking internet is. Oh, and your fucking PSA? Don't get me fucking started. Don't you fucking realize that fucking people can fucking multitask and fucking focus on multiple fucking things? People don't fucking want to focus on the fucking important shit 100% of the fucking time. Sometimes it's nice to just fucking sit back and fucking relax. Try it sometimes, you might fucking enjoy it. I am a bot""]"
29,29,16,29_32_video_removal_donate,"['32', 'video', 'removal', 'donate', 'tiktok', 'download', 'feedback', 'request', 'info', 'message']","['###[View link]( --- [**Info**]( [**Feedback**]( for savevideo)&#32;|&#32;[**Donate**]( &#32;|&#32; [**DMCA**]( removal request for savevideo&message= &#32;|&#32; [^(reddit video downloader)]( &#32;|&#32; [^(download video tiktok)](', '###[View link]( --- [**Info**]( [**Feedback**]( for savevideo)&#32;|&#32;[**Donate**]( &#32;|&#32; [**DMCA**]( removal request for savevideo&message= &#32;|&#32; [^(reddit video downloader)]( &#32;|&#32; [^(download video tiktok)](', '###[View link]( --- [**Info**]( [**Feedback**]( for savevideo)&#32;|&#32;[**Donate**]( &#32;|&#32; [**DMCA**]( removal request for savevideo&message= &#32;|&#32; [^(reddit video downloader)]( &#32;|&#32; [^(download video tiktok)](']"
